Label,Image
{X=617,Y=456},C:\Users\jaeger04\Desktop\Wallpapers\SnakeBibliotek\20230727192647.png
{X=386,Y=149},C:\Users\jaeger04\Desktop\Wallpapers\SnakeBibliotek\20230727192648.png
{X=386,Y=149},C:\Users\jaeger04\Desktop\Wallpapers\SnakeBibliotek\20230727192649.png
{X=386,Y=149},C:\Users\jaeger04\Desktop\Wallpapers\SnakeBibliotek\20230727192650.png
{X=386,Y=149},C:\Users\jaeger04\Desktop\Wallpapers\SnakeBibliotek\20230727192651.png
{X=386,Y=149},C:\Users\jaeger04\Desktop\Wallpapers\SnakeBibliotek\20230727192652.png
{X=591,Y=226},C:\Users\jaeger04\Desktop\Wallpapers\SnakeBibliotek\20230727192653.png
{X=591,Y=226},C:\Users\jaeger04\Desktop\Wallpapers\SnakeBibliotek\20230727192654.png
{X=540,Y=72},C:\Users\jaeger04\Desktop\Wallpapers\SnakeBibliotek\20230727192655.png
{X=540,Y=72},C:\Users\jaeger04\Desktop\Wallpapers\SnakeBibliotek\20230727192656.png
{X=617,Y=226},C:\Users\jaeger04\Desktop\Wallpapers\SnakeBibliotek\20230727192657.png
{X=617,Y=226},C:\Users\jaeger04\Desktop\Wallpapers\SnakeBibliotek\20230727192658.png
{X=437,Y=354},C:\Users\jaeger04\Desktop\Wallpapers\SnakeBibliotek\20230727192659.png
{X=258,Y=456},C:\Users\jaeger04\Desktop\Wallpapers\SnakeBibliotek\20230727192700.png
{X=258,Y=456},C:\Users\jaeger04\Desktop\Wallpapers\SnakeBibliotek\20230727192701.png
{X=181,Y=149},C:\Users\jaeger04\Desktop\Wallpapers\SnakeBibliotek\20230727192702.png
{X=514,Y=456},C:\Users\jaeger04\Desktop\Wallpapers\SnakeBibliotek\20230727192703.png
{X=514,Y=456},C:\Users\jaeger04\Desktop\Wallpapers\SnakeBibliotek\20230727192704.png
{X=514,Y=456},C:\Users\jaeger04\Desktop\Wallpapers\SnakeBibliotek\20230727192705.png
{X=591,Y=277},C:\Users\jaeger04\Desktop\Wallpapers\SnakeBibliotek\20230727192706.png
{X=591,Y=277},C:\Users\jaeger04\Desktop\Wallpapers\SnakeBibliotek\20230727192707.png
{X=207,Y=72},C:\Users\jaeger04\Desktop\Wallpapers\SnakeBibliotek\20230727192708.png
{X=207,Y=72},C:\Users\jaeger04\Desktop\Wallpapers\SnakeBibliotek\20230727192709.png
{X=207,Y=72},C:\Users\jaeger04\Desktop\Wallpapers\SnakeBibliotek\20230727192710.png
{X=565,Y=482},C:\Users\jaeger04\Desktop\Wallpapers\SnakeBibliotek\20230727192711.png
{X=565,Y=482},C:\Users\jaeger04\Desktop\Wallpapers\SnakeBibliotek\20230727192712.png
{X=565,Y=482},C:\Users\jaeger04\Desktop\Wallpapers\SnakeBibliotek\20230727192713.png
{X=565,Y=482},C:\Users\jaeger04\Desktop\Wallpapers\SnakeBibliotek\20230727192714.png
{X=233,Y=226},C:\Users\jaeger04\Desktop\Wallpapers\SnakeBibliotek\20230727192715.png
{X=233,Y=226},C:\Users\jaeger04\Desktop\Wallpapers\SnakeBibliotek\20230727192716.png
{X=233,Y=226},C:\Users\jaeger04\Desktop\Wallpapers\SnakeBibliotek\20230727192717.png
{X=591,Y=354},C:\Users\jaeger04\Desktop\Wallpapers\SnakeBibliotek\20230727192718.png
{X=591,Y=354},C:\Users\jaeger04\Desktop\Wallpapers\SnakeBibliotek\20230727192719.png
{X=591,Y=354},C:\Users\jaeger04\Desktop\Wallpapers\SnakeBibliotek\20230727192720.png
{X=540,Y=175},C:\Users\jaeger04\Desktop\Wallpapers\SnakeBibliotek\20230727192721.png
{X=540,Y=175},C:\Users\jaeger04\Desktop\Wallpapers\SnakeBibliotek\20230727192722.png
{X=540,Y=175},C:\Users\jaeger04\Desktop\Wallpapers\SnakeBibliotek\20230727192723.png
{X=540,Y=175},C:\Users\jaeger04\Desktop\Wallpapers\SnakeBibliotek\20230727192724.png
{X=489,Y=200},C:\Users\jaeger04\Desktop\Wallpapers\SnakeBibliotek\20230727192725.png
{X=489,Y=200},C:\Users\jaeger04\Desktop\Wallpapers\SnakeBibliotek\20230727192726.png
{X=489,Y=200},C:\Users\jaeger04\Desktop\Wallpapers\SnakeBibliotek\20230727192727.png
{X=489,Y=200},C:\Users\jaeger04\Desktop\Wallpapers\SnakeBibliotek\20230727192728.png
{X=489,Y=200},C:\Users\jaeger04\Desktop\Wallpapers\SnakeBibliotek\20230727192729.png
{X=489,Y=200},C:\Users\jaeger04\Desktop\Wallpapers\SnakeBibliotek\20230727192730.png
{X=0,Y=0},C:\Users\jaeger04\Desktop\Wallpapers\SnakeBibliotek\20230727192737.png
{X=284,Y=277},C:\Users\jaeger04\Desktop\Wallpapers\SnakeBibliotek\20230727192738.png
{X=258,Y=72},C:\Users\jaeger04\Desktop\Wallpapers\SnakeBibliotek\20230727192739.png
{X=489,Y=251},C:\Users\jaeger04\Desktop\Wallpapers\SnakeBibliotek\20230727192740.png
{X=489,Y=251},C:\Users\jaeger04\Desktop\Wallpapers\SnakeBibliotek\20230727192741.png
{X=489,Y=251},C:\Users\jaeger04\Desktop\Wallpapers\SnakeBibliotek\20230727192742.png
{X=489,Y=251},C:\Users\jaeger04\Desktop\Wallpapers\SnakeBibliotek\20230727192743.png
{X=540,Y=405},C:\Users\jaeger04\Desktop\Wallpapers\SnakeBibliotek\20230727192744.png
{X=540,Y=405},C:\Users\jaeger04\Desktop\Wallpapers\SnakeBibliotek\20230727192745.png
{X=335,Y=175},C:\Users\jaeger04\Desktop\Wallpapers\SnakeBibliotek\20230727192746.png
{X=335,Y=175},C:\Users\jaeger04\Desktop\Wallpapers\SnakeBibliotek\20230727192747.png
{X=489,Y=98},C:\Users\jaeger04\Desktop\Wallpapers\SnakeBibliotek\20230727192748.png
{X=489,Y=98},C:\Users\jaeger04\Desktop\Wallpapers\SnakeBibliotek\20230727192749.png
{X=591,Y=507},C:\Users\jaeger04\Desktop\Wallpapers\SnakeBibliotek\20230727192750.png
{X=591,Y=507},C:\Users\jaeger04\Desktop\Wallpapers\SnakeBibliotek\20230727192751.png
{X=591,Y=507},C:\Users\jaeger04\Desktop\Wallpapers\SnakeBibliotek\20230727192752.png
{X=309,Y=482},C:\Users\jaeger04\Desktop\Wallpapers\SnakeBibliotek\20230727192753.png
{X=309,Y=482},C:\Users\jaeger04\Desktop\Wallpapers\SnakeBibliotek\20230727192754.png
{X=617,Y=482},C:\Users\jaeger04\Desktop\Wallpapers\SnakeBibliotek\20230727192755.png
{X=617,Y=482},C:\Users\jaeger04\Desktop\Wallpapers\SnakeBibliotek\20230727192756.png
{X=309,Y=482},C:\Users\jaeger04\Desktop\Wallpapers\SnakeBibliotek\20230727192757.png
{X=309,Y=482},C:\Users\jaeger04\Desktop\Wallpapers\SnakeBibliotek\20230727192758.png
{X=335,Y=405},C:\Users\jaeger04\Desktop\Wallpapers\SnakeBibliotek\20230727192759.png
{X=361,Y=251},C:\Users\jaeger04\Desktop\Wallpapers\SnakeBibliotek\20230727192800.png
{X=361,Y=251},C:\Users\jaeger04\Desktop\Wallpapers\SnakeBibliotek\20230727192801.png
{X=514,Y=482},C:\Users\jaeger04\Desktop\Wallpapers\SnakeBibliotek\20230727192802.png
{X=514,Y=482},C:\Users\jaeger04\Desktop\Wallpapers\SnakeBibliotek\20230727192803.png
{X=412,Y=431},C:\Users\jaeger04\Desktop\Wallpapers\SnakeBibliotek\20230727192804.png
{X=617,Y=98},C:\Users\jaeger04\Desktop\Wallpapers\SnakeBibliotek\20230727192805.png
{X=617,Y=98},C:\Users\jaeger04\Desktop\Wallpapers\SnakeBibliotek\20230727192806.png
{X=617,Y=98},C:\Users\jaeger04\Desktop\Wallpapers\SnakeBibliotek\20230727192807.png
{X=463,Y=354},C:\Users\jaeger04\Desktop\Wallpapers\SnakeBibliotek\20230727192808.png
{X=463,Y=354},C:\Users\jaeger04\Desktop\Wallpapers\SnakeBibliotek\20230727192809.png
{X=463,Y=354},C:\Users\jaeger04\Desktop\Wallpapers\SnakeBibliotek\20230727192810.png
{X=463,Y=354},C:\Users\jaeger04\Desktop\Wallpapers\SnakeBibliotek\20230727192811.png
{X=540,Y=507},C:\Users\jaeger04\Desktop\Wallpapers\SnakeBibliotek\20230727192812.png
{X=540,Y=507},C:\Users\jaeger04\Desktop\Wallpapers\SnakeBibliotek\20230727192813.png
{X=540,Y=507},C:\Users\jaeger04\Desktop\Wallpapers\SnakeBibliotek\20230727192814.png
{X=540,Y=507},C:\Users\jaeger04\Desktop\Wallpapers\SnakeBibliotek\20230727192815.png
{X=540,Y=507},C:\Users\jaeger04\Desktop\Wallpapers\SnakeBibliotek\20230727192816.png
{X=437,Y=175},C:\Users\jaeger04\Desktop\Wallpapers\SnakeBibliotek\20230727192817.png
{X=437,Y=175},C:\Users\jaeger04\Desktop\Wallpapers\SnakeBibliotek\20230727192818.png
{X=437,Y=175},C:\Users\jaeger04\Desktop\Wallpapers\SnakeBibliotek\20230727192819.png
{X=591,Y=226},C:\Users\jaeger04\Desktop\Wallpapers\SnakeBibliotek\20230727192820.png
{X=591,Y=226},C:\Users\jaeger04\Desktop\Wallpapers\SnakeBibliotek\20230727192821.png
{X=591,Y=226},C:\Users\jaeger04\Desktop\Wallpapers\SnakeBibliotek\20230727192822.png
{X=591,Y=226},C:\Users\jaeger04\Desktop\Wallpapers\SnakeBibliotek\20230727192823.png
{X=386,Y=328},C:\Users\jaeger04\Desktop\Wallpapers\SnakeBibliotek\20230727192824.png
{X=591,Y=72},C:\Users\jaeger04\Desktop\Wallpapers\SnakeBibliotek\20230727192825.png
{X=591,Y=72},C:\Users\jaeger04\Desktop\Wallpapers\SnakeBibliotek\20230727192826.png
{X=591,Y=72},C:\Users\jaeger04\Desktop\Wallpapers\SnakeBibliotek\20230727192827.png
{X=591,Y=72},C:\Users\jaeger04\Desktop\Wallpapers\SnakeBibliotek\20230727192828.png
{X=181,Y=507},C:\Users\jaeger04\Desktop\Wallpapers\SnakeBibliotek\20230727192829.png
{X=181,Y=507},C:\Users\jaeger04\Desktop\Wallpapers\SnakeBibliotek\20230727192830.png
{X=181,Y=507},C:\Users\jaeger04\Desktop\Wallpapers\SnakeBibliotek\20230727192831.png
{X=181,Y=507},C:\Users\jaeger04\Desktop\Wallpapers\SnakeBibliotek\20230727192832.png
{X=617,Y=277},C:\Users\jaeger04\Desktop\Wallpapers\SnakeBibliotek\20230727192833.png
{X=617,Y=277},C:\Users\jaeger04\Desktop\Wallpapers\SnakeBibliotek\20230727192834.png
{X=617,Y=277},C:\Users\jaeger04\Desktop\Wallpapers\SnakeBibliotek\20230727192835.png
{X=0,Y=0},C:\Users\jaeger04\Desktop\Wallpapers\SnakeBibliotek\20230727192843.png
{X=565,Y=175},C:\Users\jaeger04\Desktop\Wallpapers\SnakeBibliotek\20230727192844.png
{X=335,Y=533},C:\Users\jaeger04\Desktop\Wallpapers\SnakeBibliotek\20230727192845.png
{X=335,Y=533},C:\Users\jaeger04\Desktop\Wallpapers\SnakeBibliotek\20230727192846.png
{X=335,Y=533},C:\Users\jaeger04\Desktop\Wallpapers\SnakeBibliotek\20230727192847.png
{X=591,Y=405},C:\Users\jaeger04\Desktop\Wallpapers\SnakeBibliotek\20230727192848.png
{X=591,Y=405},C:\Users\jaeger04\Desktop\Wallpapers\SnakeBibliotek\20230727192849.png
{X=591,Y=405},C:\Users\jaeger04\Desktop\Wallpapers\SnakeBibliotek\20230727192850.png
{X=233,Y=175},C:\Users\jaeger04\Desktop\Wallpapers\SnakeBibliotek\20230727192851.png
{X=233,Y=175},C:\Users\jaeger04\Desktop\Wallpapers\SnakeBibliotek\20230727192852.png
{X=233,Y=175},C:\Users\jaeger04\Desktop\Wallpapers\SnakeBibliotek\20230727192853.png
{X=437,Y=431},C:\Users\jaeger04\Desktop\Wallpapers\SnakeBibliotek\20230727192854.png
{X=437,Y=431},C:\Users\jaeger04\Desktop\Wallpapers\SnakeBibliotek\20230727192855.png
{X=386,Y=482},C:\Users\jaeger04\Desktop\Wallpapers\SnakeBibliotek\20230727192856.png
{X=386,Y=482},C:\Users\jaeger04\Desktop\Wallpapers\SnakeBibliotek\20230727192857.png
{X=258,Y=277},C:\Users\jaeger04\Desktop\Wallpapers\SnakeBibliotek\20230727192858.png
{X=258,Y=277},C:\Users\jaeger04\Desktop\Wallpapers\SnakeBibliotek\20230727192859.png
{X=463,Y=200},C:\Users\jaeger04\Desktop\Wallpapers\SnakeBibliotek\20230727192900.png
{X=463,Y=200},C:\Users\jaeger04\Desktop\Wallpapers\SnakeBibliotek\20230727192901.png
{X=463,Y=200},C:\Users\jaeger04\Desktop\Wallpapers\SnakeBibliotek\20230727192902.png
{X=463,Y=559},C:\Users\jaeger04\Desktop\Wallpapers\SnakeBibliotek\20230727192903.png
{X=463,Y=559},C:\Users\jaeger04\Desktop\Wallpapers\SnakeBibliotek\20230727192904.png
{X=463,Y=559},C:\Users\jaeger04\Desktop\Wallpapers\SnakeBibliotek\20230727192905.png
{X=463,Y=559},C:\Users\jaeger04\Desktop\Wallpapers\SnakeBibliotek\20230727192906.png
{X=437,Y=482},C:\Users\jaeger04\Desktop\Wallpapers\SnakeBibliotek\20230727192907.png
{X=437,Y=482},C:\Users\jaeger04\Desktop\Wallpapers\SnakeBibliotek\20230727192908.png
{X=284,Y=405},C:\Users\jaeger04\Desktop\Wallpapers\SnakeBibliotek\20230727192909.png
{X=284,Y=405},C:\Users\jaeger04\Desktop\Wallpapers\SnakeBibliotek\20230727192910.png
{X=284,Y=405},C:\Users\jaeger04\Desktop\Wallpapers\SnakeBibliotek\20230727192911.png
{X=412,Y=431},C:\Users\jaeger04\Desktop\Wallpapers\SnakeBibliotek\20230727192912.png
{X=412,Y=431},C:\Users\jaeger04\Desktop\Wallpapers\SnakeBibliotek\20230727192913.png
{X=412,Y=431},C:\Users\jaeger04\Desktop\Wallpapers\SnakeBibliotek\20230727192914.png
{X=412,Y=431},C:\Users\jaeger04\Desktop\Wallpapers\SnakeBibliotek\20230727192915.png
{X=412,Y=431},C:\Users\jaeger04\Desktop\Wallpapers\SnakeBibliotek\20230727192916.png
{X=540,Y=175},C:\Users\jaeger04\Desktop\Wallpapers\SnakeBibliotek\20230727192917.png
{X=565,Y=456},C:\Users\jaeger04\Desktop\Wallpapers\SnakeBibliotek\20230727192918.png
{X=565,Y=456},C:\Users\jaeger04\Desktop\Wallpapers\SnakeBibliotek\20230727192919.png
{X=565,Y=456},C:\Users\jaeger04\Desktop\Wallpapers\SnakeBibliotek\20230727192920.png
{X=0,Y=0},C:\Users\jaeger04\Desktop\Wallpapers\SnakeBibliotek\20230727192929.png
{X=207,Y=251},C:\Users\jaeger04\Desktop\Wallpapers\SnakeBibliotek\20230727192930.png
{X=207,Y=251},C:\Users\jaeger04\Desktop\Wallpapers\SnakeBibliotek\20230727192931.png
{X=284,Y=379},C:\Users\jaeger04\Desktop\Wallpapers\SnakeBibliotek\20230727192932.png
{X=617,Y=72},C:\Users\jaeger04\Desktop\Wallpapers\SnakeBibliotek\20230727192933.png
{X=617,Y=72},C:\Users\jaeger04\Desktop\Wallpapers\SnakeBibliotek\20230727192934.png
{X=309,Y=405},C:\Users\jaeger04\Desktop\Wallpapers\SnakeBibliotek\20230727192935.png
{X=309,Y=405},C:\Users\jaeger04\Desktop\Wallpapers\SnakeBibliotek\20230727192936.png
{X=309,Y=405},C:\Users\jaeger04\Desktop\Wallpapers\SnakeBibliotek\20230727192937.png
{X=591,Y=482},C:\Users\jaeger04\Desktop\Wallpapers\SnakeBibliotek\20230727192938.png
{X=591,Y=482},C:\Users\jaeger04\Desktop\Wallpapers\SnakeBibliotek\20230727192939.png
{X=386,Y=405},C:\Users\jaeger04\Desktop\Wallpapers\SnakeBibliotek\20230727192940.png
{X=386,Y=405},C:\Users\jaeger04\Desktop\Wallpapers\SnakeBibliotek\20230727192941.png
{X=386,Y=405},C:\Users\jaeger04\Desktop\Wallpapers\SnakeBibliotek\20230727192942.png
{X=386,Y=405},C:\Users\jaeger04\Desktop\Wallpapers\SnakeBibliotek\20230727192943.png
{X=386,Y=405},C:\Users\jaeger04\Desktop\Wallpapers\SnakeBibliotek\20230727192944.png
{X=386,Y=405},C:\Users\jaeger04\Desktop\Wallpapers\SnakeBibliotek\20230727192945.png
{X=489,Y=123},C:\Users\jaeger04\Desktop\Wallpapers\SnakeBibliotek\20230727192946.png
{X=361,Y=328},C:\Users\jaeger04\Desktop\Wallpapers\SnakeBibliotek\20230727192947.png
{X=617,Y=303},C:\Users\jaeger04\Desktop\Wallpapers\SnakeBibliotek\20230727192948.png
{X=617,Y=303},C:\Users\jaeger04\Desktop\Wallpapers\SnakeBibliotek\20230727192949.png
{X=617,Y=303},C:\Users\jaeger04\Desktop\Wallpapers\SnakeBibliotek\20230727192950.png
{X=233,Y=98},C:\Users\jaeger04\Desktop\Wallpapers\SnakeBibliotek\20230727192951.png
{X=233,Y=98},C:\Users\jaeger04\Desktop\Wallpapers\SnakeBibliotek\20230727192952.png
{X=233,Y=98},C:\Users\jaeger04\Desktop\Wallpapers\SnakeBibliotek\20230727192953.png
{X=284,Y=303},C:\Users\jaeger04\Desktop\Wallpapers\SnakeBibliotek\20230727192954.png
{X=463,Y=277},C:\Users\jaeger04\Desktop\Wallpapers\SnakeBibliotek\20230727192955.png
{X=540,Y=405},C:\Users\jaeger04\Desktop\Wallpapers\SnakeBibliotek\20230727192956.png
{X=540,Y=405},C:\Users\jaeger04\Desktop\Wallpapers\SnakeBibliotek\20230727192957.png
{X=514,Y=123},C:\Users\jaeger04\Desktop\Wallpapers\SnakeBibliotek\20230727192958.png
{X=514,Y=123},C:\Users\jaeger04\Desktop\Wallpapers\SnakeBibliotek\20230727192959.png
{X=514,Y=123},C:\Users\jaeger04\Desktop\Wallpapers\SnakeBibliotek\20230727193000.png
{X=514,Y=123},C:\Users\jaeger04\Desktop\Wallpapers\SnakeBibliotek\20230727193001.png
{X=309,Y=175},C:\Users\jaeger04\Desktop\Wallpapers\SnakeBibliotek\20230727193002.png
{X=437,Y=200},C:\Users\jaeger04\Desktop\Wallpapers\SnakeBibliotek\20230727193003.png
{X=437,Y=533},C:\Users\jaeger04\Desktop\Wallpapers\SnakeBibliotek\20230727193004.png
{X=437,Y=533},C:\Users\jaeger04\Desktop\Wallpapers\SnakeBibliotek\20230727193005.png
{X=437,Y=533},C:\Users\jaeger04\Desktop\Wallpapers\SnakeBibliotek\20230727193006.png
{X=437,Y=533},C:\Users\jaeger04\Desktop\Wallpapers\SnakeBibliotek\20230727193007.png
{X=617,Y=175},C:\Users\jaeger04\Desktop\Wallpapers\SnakeBibliotek\20230727193008.png
{X=617,Y=175},C:\Users\jaeger04\Desktop\Wallpapers\SnakeBibliotek\20230727193009.png
{X=463,Y=251},C:\Users\jaeger04\Desktop\Wallpapers\SnakeBibliotek\20230727193010.png
{X=463,Y=251},C:\Users\jaeger04\Desktop\Wallpapers\SnakeBibliotek\20230727193011.png
{X=463,Y=251},C:\Users\jaeger04\Desktop\Wallpapers\SnakeBibliotek\20230727193012.png
{X=489,Y=303},C:\Users\jaeger04\Desktop\Wallpapers\SnakeBibliotek\20230727193013.png
{X=489,Y=303},C:\Users\jaeger04\Desktop\Wallpapers\SnakeBibliotek\20230727193014.png
{X=565,Y=277},C:\Users\jaeger04\Desktop\Wallpapers\SnakeBibliotek\20230727193015.png
{X=565,Y=277},C:\Users\jaeger04\Desktop\Wallpapers\SnakeBibliotek\20230727193016.png
{X=565,Y=277},C:\Users\jaeger04\Desktop\Wallpapers\SnakeBibliotek\20230727193017.png
{X=309,Y=175},C:\Users\jaeger04\Desktop\Wallpapers\SnakeBibliotek\20230727193018.png
{X=412,Y=559},C:\Users\jaeger04\Desktop\Wallpapers\SnakeBibliotek\20230727193019.png
{X=412,Y=559},C:\Users\jaeger04\Desktop\Wallpapers\SnakeBibliotek\20230727193020.png
{X=412,Y=559},C:\Users\jaeger04\Desktop\Wallpapers\SnakeBibliotek\20230727193021.png
{X=284,Y=533},C:\Users\jaeger04\Desktop\Wallpapers\SnakeBibliotek\20230727193022.png
{X=284,Y=533},C:\Users\jaeger04\Desktop\Wallpapers\SnakeBibliotek\20230727193023.png
{X=181,Y=354},C:\Users\jaeger04\Desktop\Wallpapers\SnakeBibliotek\20230727193024.png
{X=181,Y=354},C:\Users\jaeger04\Desktop\Wallpapers\SnakeBibliotek\20230727193025.png
{X=181,Y=354},C:\Users\jaeger04\Desktop\Wallpapers\SnakeBibliotek\20230727193026.png
{X=181,Y=354},C:\Users\jaeger04\Desktop\Wallpapers\SnakeBibliotek\20230727193027.png
{X=181,Y=354},C:\Users\jaeger04\Desktop\Wallpapers\SnakeBibliotek\20230727193028.png
{X=181,Y=354},C:\Users\jaeger04\Desktop\Wallpapers\SnakeBibliotek\20230727193029.png
{X=540,Y=431},C:\Users\jaeger04\Desktop\Wallpapers\SnakeBibliotek\20230727193145.png
{X=540,Y=431},C:\Users\jaeger04\Desktop\Wallpapers\SnakeBibliotek\20230727193146.png
{X=540,Y=431},C:\Users\jaeger04\Desktop\Wallpapers\SnakeBibliotek\20230727193147.png
{X=412,Y=98},C:\Users\jaeger04\Desktop\Wallpapers\SnakeBibliotek\20230727193148.png
{X=412,Y=98},C:\Users\jaeger04\Desktop\Wallpapers\SnakeBibliotek\20230727193149.png
{X=591,Y=72},C:\Users\jaeger04\Desktop\Wallpapers\SnakeBibliotek\20230727193150.png
{X=591,Y=72},C:\Users\jaeger04\Desktop\Wallpapers\SnakeBibliotek\20230727193151.png
{X=591,Y=72},C:\Users\jaeger04\Desktop\Wallpapers\SnakeBibliotek\20230727193152.png
{X=463,Y=559},C:\Users\jaeger04\Desktop\Wallpapers\SnakeBibliotek\20230727193153.png
{X=463,Y=559},C:\Users\jaeger04\Desktop\Wallpapers\SnakeBibliotek\20230727193154.png
{X=463,Y=559},C:\Users\jaeger04\Desktop\Wallpapers\SnakeBibliotek\20230727193155.png
{X=514,Y=379},C:\Users\jaeger04\Desktop\Wallpapers\SnakeBibliotek\20230727193156.png
{X=514,Y=379},C:\Users\jaeger04\Desktop\Wallpapers\SnakeBibliotek\20230727193157.png
{X=207,Y=72},C:\Users\jaeger04\Desktop\Wallpapers\SnakeBibliotek\20230727193158.png
{X=207,Y=72},C:\Users\jaeger04\Desktop\Wallpapers\SnakeBibliotek\20230727193159.png
{X=207,Y=72},C:\Users\jaeger04\Desktop\Wallpapers\SnakeBibliotek\20230727193200.png
{X=361,Y=303},C:\Users\jaeger04\Desktop\Wallpapers\SnakeBibliotek\20230727193201.png
{X=361,Y=303},C:\Users\jaeger04\Desktop\Wallpapers\SnakeBibliotek\20230727193202.png
{X=361,Y=303},C:\Users\jaeger04\Desktop\Wallpapers\SnakeBibliotek\20230727193203.png
{X=386,Y=431},C:\Users\jaeger04\Desktop\Wallpapers\SnakeBibliotek\20230727193204.png
{X=540,Y=379},C:\Users\jaeger04\Desktop\Wallpapers\SnakeBibliotek\20230727193205.png
{X=540,Y=379},C:\Users\jaeger04\Desktop\Wallpapers\SnakeBibliotek\20230727193206.png
{X=258,Y=98},C:\Users\jaeger04\Desktop\Wallpapers\SnakeBibliotek\20230727193207.png
{X=258,Y=98},C:\Users\jaeger04\Desktop\Wallpapers\SnakeBibliotek\20230727193208.png
{X=258,Y=98},C:\Users\jaeger04\Desktop\Wallpapers\SnakeBibliotek\20230727193209.png
{X=258,Y=98},C:\Users\jaeger04\Desktop\Wallpapers\SnakeBibliotek\20230727193210.png
{X=335,Y=303},C:\Users\jaeger04\Desktop\Wallpapers\SnakeBibliotek\20230727193211.png
{X=335,Y=303},C:\Users\jaeger04\Desktop\Wallpapers\SnakeBibliotek\20230727193212.png
{X=335,Y=303},C:\Users\jaeger04\Desktop\Wallpapers\SnakeBibliotek\20230727193213.png
{X=335,Y=303},C:\Users\jaeger04\Desktop\Wallpapers\SnakeBibliotek\20230727193214.png
{X=540,Y=123},C:\Users\jaeger04\Desktop\Wallpapers\SnakeBibliotek\20230727193215.png
{X=540,Y=123},C:\Users\jaeger04\Desktop\Wallpapers\SnakeBibliotek\20230727193216.png
{X=540,Y=123},C:\Users\jaeger04\Desktop\Wallpapers\SnakeBibliotek\20230727193217.png
{X=309,Y=482},C:\Users\jaeger04\Desktop\Wallpapers\SnakeBibliotek\20230727193218.png
{X=309,Y=482},C:\Users\jaeger04\Desktop\Wallpapers\SnakeBibliotek\20230727193219.png
{X=412,Y=226},C:\Users\jaeger04\Desktop\Wallpapers\SnakeBibliotek\20230727193220.png
{X=207,Y=379},C:\Users\jaeger04\Desktop\Wallpapers\SnakeBibliotek\20230727193221.png
{X=207,Y=379},C:\Users\jaeger04\Desktop\Wallpapers\SnakeBibliotek\20230727193222.png
{X=207,Y=379},C:\Users\jaeger04\Desktop\Wallpapers\SnakeBibliotek\20230727193223.png
{X=207,Y=379},C:\Users\jaeger04\Desktop\Wallpapers\SnakeBibliotek\20230727193224.png
{X=335,Y=328},C:\Users\jaeger04\Desktop\Wallpapers\SnakeBibliotek\20230727193225.png
{X=335,Y=328},C:\Users\jaeger04\Desktop\Wallpapers\SnakeBibliotek\20230727193226.png
{X=514,Y=354},C:\Users\jaeger04\Desktop\Wallpapers\SnakeBibliotek\20230727193227.png
{X=514,Y=456},C:\Users\jaeger04\Desktop\Wallpapers\SnakeBibliotek\20230727193228.png
{X=514,Y=456},C:\Users\jaeger04\Desktop\Wallpapers\SnakeBibliotek\20230727193229.png
{X=514,Y=456},C:\Users\jaeger04\Desktop\Wallpapers\SnakeBibliotek\20230727193230.png
{X=514,Y=456},C:\Users\jaeger04\Desktop\Wallpapers\SnakeBibliotek\20230727193231.png
{X=258,Y=175},C:\Users\jaeger04\Desktop\Wallpapers\SnakeBibliotek\20230727193232.png
{X=181,Y=354},C:\Users\jaeger04\Desktop\Wallpapers\SnakeBibliotek\20230727193233.png
{X=181,Y=354},C:\Users\jaeger04\Desktop\Wallpapers\SnakeBibliotek\20230727193234.png
{X=361,Y=328},C:\Users\jaeger04\Desktop\Wallpapers\SnakeBibliotek\20230727193235.png
{X=361,Y=328},C:\Users\jaeger04\Desktop\Wallpapers\SnakeBibliotek\20230727193236.png
{X=233,Y=354},C:\Users\jaeger04\Desktop\Wallpapers\SnakeBibliotek\20230727193237.png
{X=233,Y=354},C:\Users\jaeger04\Desktop\Wallpapers\SnakeBibliotek\20230727193238.png
{X=386,Y=431},C:\Users\jaeger04\Desktop\Wallpapers\SnakeBibliotek\20230727193239.png
{X=386,Y=431},C:\Users\jaeger04\Desktop\Wallpapers\SnakeBibliotek\20230727193240.png
{X=540,Y=123},C:\Users\jaeger04\Desktop\Wallpapers\SnakeBibliotek\20230727193241.png
{X=540,Y=123},C:\Users\jaeger04\Desktop\Wallpapers\SnakeBibliotek\20230727193242.png
{X=540,Y=123},C:\Users\jaeger04\Desktop\Wallpapers\SnakeBibliotek\20230727193243.png
{X=207,Y=123},C:\Users\jaeger04\Desktop\Wallpapers\SnakeBibliotek\20230727193244.png
{X=207,Y=123},C:\Users\jaeger04\Desktop\Wallpapers\SnakeBibliotek\20230727193245.png
{X=309,Y=533},C:\Users\jaeger04\Desktop\Wallpapers\SnakeBibliotek\20230727193246.png
{X=309,Y=533},C:\Users\jaeger04\Desktop\Wallpapers\SnakeBibliotek\20230727193247.png
{X=565,Y=123},C:\Users\jaeger04\Desktop\Wallpapers\SnakeBibliotek\20230727193248.png
{X=565,Y=123},C:\Users\jaeger04\Desktop\Wallpapers\SnakeBibliotek\20230727193249.png
{X=565,Y=123},C:\Users\jaeger04\Desktop\Wallpapers\SnakeBibliotek\20230727193250.png
{X=207,Y=431},C:\Users\jaeger04\Desktop\Wallpapers\SnakeBibliotek\20230727193251.png
{X=207,Y=431},C:\Users\jaeger04\Desktop\Wallpapers\SnakeBibliotek\20230727193252.png
{X=207,Y=431},C:\Users\jaeger04\Desktop\Wallpapers\SnakeBibliotek\20230727193253.png
{X=258,Y=200},C:\Users\jaeger04\Desktop\Wallpapers\SnakeBibliotek\20230727193254.png
{X=258,Y=200},C:\Users\jaeger04\Desktop\Wallpapers\SnakeBibliotek\20230727193255.png
{X=181,Y=456},C:\Users\jaeger04\Desktop\Wallpapers\SnakeBibliotek\20230727193256.png
{X=181,Y=456},C:\Users\jaeger04\Desktop\Wallpapers\SnakeBibliotek\20230727193257.png
{X=181,Y=456},C:\Users\jaeger04\Desktop\Wallpapers\SnakeBibliotek\20230727193258.png
{X=181,Y=456},C:\Users\jaeger04\Desktop\Wallpapers\SnakeBibliotek\20230727193259.png
{X=591,Y=98},C:\Users\jaeger04\Desktop\Wallpapers\SnakeBibliotek\20230727200736.png
{X=489,Y=98},C:\Users\jaeger04\Desktop\Wallpapers\SnakeBibliotek\20230727200737.png
{X=386,Y=277},C:\Users\jaeger04\Desktop\Wallpapers\SnakeBibliotek\20230727200738.png
{X=386,Y=277},C:\Users\jaeger04\Desktop\Wallpapers\SnakeBibliotek\20230727200739.png
{X=0,Y=0},C:\Users\jaeger04\Desktop\Wallpapers\SnakeBibliotek\20230727200748.png
{X=617,Y=226},C:\Users\jaeger04\Desktop\Wallpapers\SnakeBibliotek\20230727200751.png
{X=617,Y=226},C:\Users\jaeger04\Desktop\Wallpapers\SnakeBibliotek\20230727200752.png
{X=0,Y=0},C:\Users\jaeger04\Desktop\Wallpapers\SnakeBibliotek\20230727200758.png
{X=565,Y=431},C:\Users\jaeger04\Desktop\Wallpapers\SnakeBibliotek\20230727200759.png
{X=565,Y=431},C:\Users\jaeger04\Desktop\Wallpapers\SnakeBibliotek\20230727200800.png
{X=514,Y=379},C:\Users\jaeger04\Desktop\Wallpapers\SnakeBibliotek\20230727200801.png
{X=514,Y=379},C:\Users\jaeger04\Desktop\Wallpapers\SnakeBibliotek\20230727200802.png
{X=617,Y=303},C:\Users\jaeger04\Desktop\Wallpapers\SnakeBibliotek\20230727200803.png
{X=617,Y=303},C:\Users\jaeger04\Desktop\Wallpapers\SnakeBibliotek\20230727200804.png
{X=617,Y=303},C:\Users\jaeger04\Desktop\Wallpapers\SnakeBibliotek\20230727200805.png
{X=181,Y=251},C:\Users\jaeger04\Desktop\Wallpapers\SnakeBibliotek\20230727200806.png
{X=181,Y=251},C:\Users\jaeger04\Desktop\Wallpapers\SnakeBibliotek\20230727200807.png
{X=181,Y=251},C:\Users\jaeger04\Desktop\Wallpapers\SnakeBibliotek\20230727200808.png
{X=181,Y=251},C:\Users\jaeger04\Desktop\Wallpapers\SnakeBibliotek\20230727200809.png
{X=0,Y=0},C:\Users\jaeger04\Desktop\Wallpapers\SnakeBibliotek\20230727200818.png
{X=540,Y=303},C:\Users\jaeger04\Desktop\Wallpapers\SnakeBibliotek\20230727200819.png
{X=591,Y=379},C:\Users\jaeger04\Desktop\Wallpapers\SnakeBibliotek\20230727200820.png
{X=591,Y=379},C:\Users\jaeger04\Desktop\Wallpapers\SnakeBibliotek\20230727200821.png
{X=412,Y=200},C:\Users\jaeger04\Desktop\Wallpapers\SnakeBibliotek\20230727200822.png
{X=412,Y=200},C:\Users\jaeger04\Desktop\Wallpapers\SnakeBibliotek\20230727200823.png
{X=412,Y=200},C:\Users\jaeger04\Desktop\Wallpapers\SnakeBibliotek\20230727200824.png
{X=412,Y=200},C:\Users\jaeger04\Desktop\Wallpapers\SnakeBibliotek\20230727200825.png
{X=540,Y=559},C:\Users\jaeger04\Desktop\Wallpapers\SnakeBibliotek\20230727200826.png
{X=540,Y=559},C:\Users\jaeger04\Desktop\Wallpapers\SnakeBibliotek\20230727200827.png
{X=540,Y=559},C:\Users\jaeger04\Desktop\Wallpapers\SnakeBibliotek\20230727200828.png
{X=540,Y=559},C:\Users\jaeger04\Desktop\Wallpapers\SnakeBibliotek\20230727200829.png
{X=540,Y=559},C:\Users\jaeger04\Desktop\Wallpapers\SnakeBibliotek\20230727200830.png
{X=233,Y=226},C:\Users\jaeger04\Desktop\Wallpapers\SnakeBibliotek\20230727200831.png
{X=233,Y=226},C:\Users\jaeger04\Desktop\Wallpapers\SnakeBibliotek\20230727200832.png
{X=0,Y=0},C:\Users\jaeger04\Desktop\Wallpapers\SnakeBibliotek\20230727200839.png
{X=591,Y=456},C:\Users\jaeger04\Desktop\Wallpapers\SnakeBibliotek\20230727200840.png
{X=591,Y=456},C:\Users\jaeger04\Desktop\Wallpapers\SnakeBibliotek\20230727200841.png
{X=591,Y=456},C:\Users\jaeger04\Desktop\Wallpapers\SnakeBibliotek\20230727200842.png
{X=591,Y=456},C:\Users\jaeger04\Desktop\Wallpapers\SnakeBibliotek\20230727200843.png
{X=233,Y=354},C:\Users\jaeger04\Desktop\Wallpapers\SnakeBibliotek\20230727200844.png
{X=233,Y=354},C:\Users\jaeger04\Desktop\Wallpapers\SnakeBibliotek\20230727200845.png
{X=233,Y=175},C:\Users\jaeger04\Desktop\Wallpapers\SnakeBibliotek\20230727200846.png
{X=233,Y=175},C:\Users\jaeger04\Desktop\Wallpapers\SnakeBibliotek\20230727200847.png
{X=181,Y=533},C:\Users\jaeger04\Desktop\Wallpapers\SnakeBibliotek\20230727200848.png
{X=181,Y=533},C:\Users\jaeger04\Desktop\Wallpapers\SnakeBibliotek\20230727200849.png
{X=258,Y=507},C:\Users\jaeger04\Desktop\Wallpapers\SnakeBibliotek\20230727200850.png
{X=258,Y=507},C:\Users\jaeger04\Desktop\Wallpapers\SnakeBibliotek\20230727200851.png
{X=258,Y=507},C:\Users\jaeger04\Desktop\Wallpapers\SnakeBibliotek\20230727200852.png
{X=514,Y=482},C:\Users\jaeger04\Desktop\Wallpapers\SnakeBibliotek\20230727200853.png
{X=514,Y=482},C:\Users\jaeger04\Desktop\Wallpapers\SnakeBibliotek\20230727200854.png
{X=0,Y=0},C:\Users\jaeger04\Desktop\Wallpapers\SnakeBibliotek\20230727200902.png
{X=258,Y=456},C:\Users\jaeger04\Desktop\Wallpapers\SnakeBibliotek\20230727200903.png
{X=386,Y=431},C:\Users\jaeger04\Desktop\Wallpapers\SnakeBibliotek\20230727200904.png
{X=591,Y=405},C:\Users\jaeger04\Desktop\Wallpapers\SnakeBibliotek\20230727200905.png
{X=591,Y=405},C:\Users\jaeger04\Desktop\Wallpapers\SnakeBibliotek\20230727200906.png
{X=617,Y=507},C:\Users\jaeger04\Desktop\Wallpapers\SnakeBibliotek\20230727200907.png
{X=335,Y=328},C:\Users\jaeger04\Desktop\Wallpapers\SnakeBibliotek\20230727200908.png
{X=335,Y=328},C:\Users\jaeger04\Desktop\Wallpapers\SnakeBibliotek\20230727200909.png
{X=335,Y=328},C:\Users\jaeger04\Desktop\Wallpapers\SnakeBibliotek\20230727200910.png
{X=412,Y=482},C:\Users\jaeger04\Desktop\Wallpapers\SnakeBibliotek\20230727200911.png
{X=412,Y=482},C:\Users\jaeger04\Desktop\Wallpapers\SnakeBibliotek\20230727200912.png
{X=386,Y=456},C:\Users\jaeger04\Desktop\Wallpapers\SnakeBibliotek\20230727200913.png
{X=386,Y=456},C:\Users\jaeger04\Desktop\Wallpapers\SnakeBibliotek\20230727200914.png
{X=386,Y=456},C:\Users\jaeger04\Desktop\Wallpapers\SnakeBibliotek\20230727200915.png
{X=386,Y=456},C:\Users\jaeger04\Desktop\Wallpapers\SnakeBibliotek\20230727200916.png
{X=386,Y=456},C:\Users\jaeger04\Desktop\Wallpapers\SnakeBibliotek\20230727200917.png
{X=617,Y=251},C:\Users\jaeger04\Desktop\Wallpapers\SnakeBibliotek\20230727200918.png
{X=514,Y=559},C:\Users\jaeger04\Desktop\Wallpapers\SnakeBibliotek\20230727200919.png
{X=514,Y=559},C:\Users\jaeger04\Desktop\Wallpapers\SnakeBibliotek\20230727200920.png
{X=514,Y=559},C:\Users\jaeger04\Desktop\Wallpapers\SnakeBibliotek\20230727200921.png
{X=437,Y=482},C:\Users\jaeger04\Desktop\Wallpapers\SnakeBibliotek\20230727200929.png
{X=0,Y=0},C:\Users\jaeger04\Desktop\Wallpapers\SnakeBibliotek\20230727200930.png
{X=565,Y=98},C:\Users\jaeger04\Desktop\Wallpapers\SnakeBibliotek\20230727200931.png
{X=565,Y=98},C:\Users\jaeger04\Desktop\Wallpapers\SnakeBibliotek\20230727200932.png
{X=437,Y=123},C:\Users\jaeger04\Desktop\Wallpapers\SnakeBibliotek\20230727200933.png
{X=437,Y=328},C:\Users\jaeger04\Desktop\Wallpapers\SnakeBibliotek\20230727201224.png
{X=437,Y=328},C:\Users\jaeger04\Desktop\Wallpapers\SnakeBibliotek\20230727201225.png
{X=514,Y=149},C:\Users\jaeger04\Desktop\Wallpapers\SnakeBibliotek\20230727201226.png
{X=540,Y=507},C:\Users\jaeger04\Desktop\Wallpapers\SnakeBibliotek\20230727201227.png
{X=540,Y=507},C:\Users\jaeger04\Desktop\Wallpapers\SnakeBibliotek\20230727201228.png
{X=540,Y=507},C:\Users\jaeger04\Desktop\Wallpapers\SnakeBibliotek\20230727201229.png
{X=412,Y=98},C:\Users\jaeger04\Desktop\Wallpapers\SnakeBibliotek\20230727201230.png
{X=412,Y=98},C:\Users\jaeger04\Desktop\Wallpapers\SnakeBibliotek\20230727201231.png
{X=284,Y=98},C:\Users\jaeger04\Desktop\Wallpapers\SnakeBibliotek\20230727201232.png
{X=284,Y=98},C:\Users\jaeger04\Desktop\Wallpapers\SnakeBibliotek\20230727201233.png
{X=617,Y=200},C:\Users\jaeger04\Desktop\Wallpapers\SnakeBibliotek\20230727201234.png
{X=617,Y=200},C:\Users\jaeger04\Desktop\Wallpapers\SnakeBibliotek\20230727201235.png
{X=284,Y=72},C:\Users\jaeger04\Desktop\Wallpapers\SnakeBibliotek\20230727201236.png
{X=284,Y=72},C:\Users\jaeger04\Desktop\Wallpapers\SnakeBibliotek\20230727201237.png
{X=284,Y=72},C:\Users\jaeger04\Desktop\Wallpapers\SnakeBibliotek\20230727201238.png
{X=284,Y=72},C:\Users\jaeger04\Desktop\Wallpapers\SnakeBibliotek\20230727201239.png
{X=258,Y=379},C:\Users\jaeger04\Desktop\Wallpapers\SnakeBibliotek\20230727201240.png
{X=489,Y=200},C:\Users\jaeger04\Desktop\Wallpapers\SnakeBibliotek\20230727201241.png
{X=565,Y=559},C:\Users\jaeger04\Desktop\Wallpapers\SnakeBibliotek\20230727201242.png
{X=565,Y=559},C:\Users\jaeger04\Desktop\Wallpapers\SnakeBibliotek\20230727201243.png
{X=565,Y=559},C:\Users\jaeger04\Desktop\Wallpapers\SnakeBibliotek\20230727201244.png
{X=565,Y=533},C:\Users\jaeger04\Desktop\Wallpapers\SnakeBibliotek\20230727201245.png
{X=565,Y=533},C:\Users\jaeger04\Desktop\Wallpapers\SnakeBibliotek\20230727201246.png
{X=565,Y=533},C:\Users\jaeger04\Desktop\Wallpapers\SnakeBibliotek\20230727201247.png
{X=463,Y=456},C:\Users\jaeger04\Desktop\Wallpapers\SnakeBibliotek\20230727201248.png
{X=463,Y=456},C:\Users\jaeger04\Desktop\Wallpapers\SnakeBibliotek\20230727201249.png
{X=591,Y=456},C:\Users\jaeger04\Desktop\Wallpapers\SnakeBibliotek\20230727201250.png
{X=591,Y=456},C:\Users\jaeger04\Desktop\Wallpapers\SnakeBibliotek\20230727201251.png
{X=284,Y=175},C:\Users\jaeger04\Desktop\Wallpapers\SnakeBibliotek\20230727201252.png
{X=284,Y=175},C:\Users\jaeger04\Desktop\Wallpapers\SnakeBibliotek\20230727201253.png
{X=463,Y=123},C:\Users\jaeger04\Desktop\Wallpapers\SnakeBibliotek\20230727201254.png
{X=463,Y=123},C:\Users\jaeger04\Desktop\Wallpapers\SnakeBibliotek\20230727201255.png
{X=207,Y=251},C:\Users\jaeger04\Desktop\Wallpapers\SnakeBibliotek\20230727201256.png
{X=207,Y=251},C:\Users\jaeger04\Desktop\Wallpapers\SnakeBibliotek\20230727201257.png
{X=361,Y=200},C:\Users\jaeger04\Desktop\Wallpapers\SnakeBibliotek\20230727201258.png
{X=258,Y=226},C:\Users\jaeger04\Desktop\Wallpapers\SnakeBibliotek\20230727201259.png
{X=258,Y=226},C:\Users\jaeger04\Desktop\Wallpapers\SnakeBibliotek\20230727201300.png
{X=258,Y=226},C:\Users\jaeger04\Desktop\Wallpapers\SnakeBibliotek\20230727201301.png
{X=258,Y=226},C:\Users\jaeger04\Desktop\Wallpapers\SnakeBibliotek\20230727201302.png
{X=258,Y=72},C:\Users\jaeger04\Desktop\Wallpapers\SnakeBibliotek\20230727201303.png
{X=258,Y=72},C:\Users\jaeger04\Desktop\Wallpapers\SnakeBibliotek\20230727201304.png
{X=258,Y=72},C:\Users\jaeger04\Desktop\Wallpapers\SnakeBibliotek\20230727201305.png
{X=540,Y=72},C:\Users\jaeger04\Desktop\Wallpapers\SnakeBibliotek\20230727201306.png
{X=540,Y=72},C:\Users\jaeger04\Desktop\Wallpapers\SnakeBibliotek\20230727201307.png
{X=540,Y=72},C:\Users\jaeger04\Desktop\Wallpapers\SnakeBibliotek\20230727201308.png
{X=233,Y=200},C:\Users\jaeger04\Desktop\Wallpapers\SnakeBibliotek\20230727201309.png
{X=233,Y=200},C:\Users\jaeger04\Desktop\Wallpapers\SnakeBibliotek\20230727201310.png
{X=233,Y=200},C:\Users\jaeger04\Desktop\Wallpapers\SnakeBibliotek\20230727201311.png
{X=437,Y=559},C:\Users\jaeger04\Desktop\Wallpapers\SnakeBibliotek\20230727201312.png
{X=437,Y=559},C:\Users\jaeger04\Desktop\Wallpapers\SnakeBibliotek\20230727201313.png
{X=437,Y=559},C:\Users\jaeger04\Desktop\Wallpapers\SnakeBibliotek\20230727201314.png
{X=284,Y=405},C:\Users\jaeger04\Desktop\Wallpapers\SnakeBibliotek\20230727201315.png
{X=284,Y=405},C:\Users\jaeger04\Desktop\Wallpapers\SnakeBibliotek\20230727201316.png
{X=284,Y=405},C:\Users\jaeger04\Desktop\Wallpapers\SnakeBibliotek\20230727201317.png
{X=335,Y=123},C:\Users\jaeger04\Desktop\Wallpapers\SnakeBibliotek\20230727201318.png
{X=181,Y=379},C:\Users\jaeger04\Desktop\Wallpapers\SnakeBibliotek\20230727201319.png
{X=233,Y=226},C:\Users\jaeger04\Desktop\Wallpapers\SnakeBibliotek\20230727201320.png
{X=233,Y=226},C:\Users\jaeger04\Desktop\Wallpapers\SnakeBibliotek\20230727201321.png
{X=335,Y=200},C:\Users\jaeger04\Desktop\Wallpapers\SnakeBibliotek\20230727201322.png
{X=284,Y=72},C:\Users\jaeger04\Desktop\Wallpapers\SnakeBibliotek\20230727201323.png
{X=284,Y=72},C:\Users\jaeger04\Desktop\Wallpapers\SnakeBibliotek\20230727201324.png
{X=284,Y=251},C:\Users\jaeger04\Desktop\Wallpapers\SnakeBibliotek\20230727201325.png
{X=437,Y=456},C:\Users\jaeger04\Desktop\Wallpapers\SnakeBibliotek\20230727201326.png
{X=437,Y=456},C:\Users\jaeger04\Desktop\Wallpapers\SnakeBibliotek\20230727201327.png
{X=565,Y=559},C:\Users\jaeger04\Desktop\Wallpapers\SnakeBibliotek\20230727201328.png
{X=565,Y=559},C:\Users\jaeger04\Desktop\Wallpapers\SnakeBibliotek\20230727201329.png
{X=565,Y=559},C:\Users\jaeger04\Desktop\Wallpapers\SnakeBibliotek\20230727201330.png
{X=565,Y=559},C:\Users\jaeger04\Desktop\Wallpapers\SnakeBibliotek\20230727201331.png
{X=565,Y=559},C:\Users\jaeger04\Desktop\Wallpapers\SnakeBibliotek\20230727201332.png
{X=565,Y=559},C:\Users\jaeger04\Desktop\Wallpapers\SnakeBibliotek\20230727201333.png
{X=565,Y=559},C:\Users\jaeger04\Desktop\Wallpapers\SnakeBibliotek\20230727201334.png
{X=565,Y=559},C:\Users\jaeger04\Desktop\Wallpapers\SnakeBibliotek\20230727201335.png
{X=565,Y=559},C:\Users\jaeger04\Desktop\Wallpapers\SnakeBibliotek\20230727201336.png
{X=565,Y=559},C:\Users\jaeger04\Desktop\Wallpapers\SnakeBibliotek\20230727201337.png
{X=412,Y=123},C:\Users\jaeger04\Desktop\Wallpapers\SnakeBibliotek\20230727201338.png
{X=412,Y=123},C:\Users\jaeger04\Desktop\Wallpapers\SnakeBibliotek\20230727201339.png
{X=412,Y=123},C:\Users\jaeger04\Desktop\Wallpapers\SnakeBibliotek\20230727201340.png
{X=463,Y=379},C:\Users\jaeger04\Desktop\Wallpapers\SnakeBibliotek\20230727201341.png
{X=463,Y=379},C:\Users\jaeger04\Desktop\Wallpapers\SnakeBibliotek\20230727201342.png
{X=463,Y=379},C:\Users\jaeger04\Desktop\Wallpapers\SnakeBibliotek\20230727201343.png
{X=233,Y=431},C:\Users\jaeger04\Desktop\Wallpapers\SnakeBibliotek\20230727201344.png
{X=233,Y=431},C:\Users\jaeger04\Desktop\Wallpapers\SnakeBibliotek\20230727201345.png
{X=233,Y=431},C:\Users\jaeger04\Desktop\Wallpapers\SnakeBibliotek\20230727201346.png
{X=233,Y=431},C:\Users\jaeger04\Desktop\Wallpapers\SnakeBibliotek\20230727201347.png
{X=233,Y=431},C:\Users\jaeger04\Desktop\Wallpapers\SnakeBibliotek\20230727201348.png
{X=233,Y=431},C:\Users\jaeger04\Desktop\Wallpapers\SnakeBibliotek\20230727201349.png
{X=258,Y=277},C:\Users\jaeger04\Desktop\Wallpapers\SnakeBibliotek\20230727201350.png
{X=463,Y=405},C:\Users\jaeger04\Desktop\Wallpapers\SnakeBibliotek\20230727201351.png
{X=463,Y=405},C:\Users\jaeger04\Desktop\Wallpapers\SnakeBibliotek\20230727201352.png
{X=386,Y=72},C:\Users\jaeger04\Desktop\Wallpapers\SnakeBibliotek\20230727201353.png
{X=386,Y=72},C:\Users\jaeger04\Desktop\Wallpapers\SnakeBibliotek\20230727201354.png
{X=386,Y=72},C:\Users\jaeger04\Desktop\Wallpapers\SnakeBibliotek\20230727201355.png
{X=284,Y=72},C:\Users\jaeger04\Desktop\Wallpapers\SnakeBibliotek\20230727201356.png
{X=284,Y=533},C:\Users\jaeger04\Desktop\Wallpapers\SnakeBibliotek\20230727201357.png
{X=284,Y=533},C:\Users\jaeger04\Desktop\Wallpapers\SnakeBibliotek\20230727201358.png
{X=284,Y=533},C:\Users\jaeger04\Desktop\Wallpapers\SnakeBibliotek\20230727201359.png
{X=514,Y=354},C:\Users\jaeger04\Desktop\Wallpapers\SnakeBibliotek\20230727201400.png
{X=386,Y=251},C:\Users\jaeger04\Desktop\Wallpapers\SnakeBibliotek\20230727201401.png
{X=386,Y=251},C:\Users\jaeger04\Desktop\Wallpapers\SnakeBibliotek\20230727201402.png
{X=489,Y=251},C:\Users\jaeger04\Desktop\Wallpapers\SnakeBibliotek\20230727201403.png
{X=489,Y=251},C:\Users\jaeger04\Desktop\Wallpapers\SnakeBibliotek\20230727201404.png
{X=489,Y=251},C:\Users\jaeger04\Desktop\Wallpapers\SnakeBibliotek\20230727201405.png
{X=489,Y=251},C:\Users\jaeger04\Desktop\Wallpapers\SnakeBibliotek\20230727201406.png
{X=489,Y=251},C:\Users\jaeger04\Desktop\Wallpapers\SnakeBibliotek\20230727201407.png
{X=489,Y=251},C:\Users\jaeger04\Desktop\Wallpapers\SnakeBibliotek\20230727201408.png
{X=258,Y=226},C:\Users\jaeger04\Desktop\Wallpapers\SnakeBibliotek\20230727201409.png
{X=514,Y=456},C:\Users\jaeger04\Desktop\Wallpapers\SnakeBibliotek\20230727201410.png
{X=514,Y=456},C:\Users\jaeger04\Desktop\Wallpapers\SnakeBibliotek\20230727201411.png
{X=514,Y=456},C:\Users\jaeger04\Desktop\Wallpapers\SnakeBibliotek\20230727201412.png
{X=386,Y=456},C:\Users\jaeger04\Desktop\Wallpapers\SnakeBibliotek\20230727201413.png
{X=386,Y=456},C:\Users\jaeger04\Desktop\Wallpapers\SnakeBibliotek\20230727201414.png
{X=386,Y=456},C:\Users\jaeger04\Desktop\Wallpapers\SnakeBibliotek\20230727201415.png
{X=386,Y=456},C:\Users\jaeger04\Desktop\Wallpapers\SnakeBibliotek\20230727201416.png
{X=386,Y=456},C:\Users\jaeger04\Desktop\Wallpapers\SnakeBibliotek\20230727201417.png
{X=386,Y=456},C:\Users\jaeger04\Desktop\Wallpapers\SnakeBibliotek\20230727201418.png
{X=386,Y=456},C:\Users\jaeger04\Desktop\Wallpapers\SnakeBibliotek\20230727201419.png
{X=386,Y=456},C:\Users\jaeger04\Desktop\Wallpapers\SnakeBibliotek\20230727201420.png
{X=0,Y=0},C:\Users\jaeger04\Desktop\Wallpapers\SnakeBibliotek\20230727201426.png
{X=335,Y=405},C:\Users\jaeger04\Desktop\Wallpapers\SnakeBibliotek\20230727201427.png
{X=284,Y=149},C:\Users\jaeger04\Desktop\Wallpapers\SnakeBibliotek\20230727201428.png
{X=284,Y=149},C:\Users\jaeger04\Desktop\Wallpapers\SnakeBibliotek\20230727201429.png
{X=0,Y=0},C:\Users\jaeger04\Desktop\Wallpapers\SnakeBibliotek\20230727201436.png
{X=412,Y=72},C:\Users\jaeger04\Desktop\Wallpapers\SnakeBibliotek\20230727201437.png
{X=412,Y=72},C:\Users\jaeger04\Desktop\Wallpapers\SnakeBibliotek\20230727201438.png
{X=335,Y=123},C:\Users\jaeger04\Desktop\Wallpapers\SnakeBibliotek\20230727201439.png
{X=181,Y=482},C:\Users\jaeger04\Desktop\Wallpapers\SnakeBibliotek\20230727201440.png
{X=181,Y=482},C:\Users\jaeger04\Desktop\Wallpapers\SnakeBibliotek\20230727201441.png
{X=540,Y=533},C:\Users\jaeger04\Desktop\Wallpapers\SnakeBibliotek\20230727201442.png
{X=540,Y=533},C:\Users\jaeger04\Desktop\Wallpapers\SnakeBibliotek\20230727201443.png
{X=233,Y=533},C:\Users\jaeger04\Desktop\Wallpapers\SnakeBibliotek\20230727201444.png
{X=233,Y=533},C:\Users\jaeger04\Desktop\Wallpapers\SnakeBibliotek\20230727201445.png
{X=233,Y=533},C:\Users\jaeger04\Desktop\Wallpapers\SnakeBibliotek\20230727201446.png
{X=540,Y=175},C:\Users\jaeger04\Desktop\Wallpapers\SnakeBibliotek\20230727201447.png
{X=540,Y=175},C:\Users\jaeger04\Desktop\Wallpapers\SnakeBibliotek\20230727201448.png
{X=540,Y=175},C:\Users\jaeger04\Desktop\Wallpapers\SnakeBibliotek\20230727201449.png
{X=514,Y=277},C:\Users\jaeger04\Desktop\Wallpapers\SnakeBibliotek\20230727201450.png
{X=181,Y=482},C:\Users\jaeger04\Desktop\Wallpapers\SnakeBibliotek\20230727201451.png
{X=181,Y=482},C:\Users\jaeger04\Desktop\Wallpapers\SnakeBibliotek\20230727201452.png
{X=181,Y=482},C:\Users\jaeger04\Desktop\Wallpapers\SnakeBibliotek\20230727201453.png
{X=233,Y=72},C:\Users\jaeger04\Desktop\Wallpapers\SnakeBibliotek\20230727201500.png
{X=233,Y=72},C:\Users\jaeger04\Desktop\Wallpapers\SnakeBibliotek\20230727201501.png
{X=233,Y=72},C:\Users\jaeger04\Desktop\Wallpapers\SnakeBibliotek\20230727201502.png
{X=591,Y=533},C:\Users\jaeger04\Desktop\Wallpapers\SnakeBibliotek\20230727201503.png
{X=591,Y=533},C:\Users\jaeger04\Desktop\Wallpapers\SnakeBibliotek\20230727201504.png
{X=591,Y=533},C:\Users\jaeger04\Desktop\Wallpapers\SnakeBibliotek\20230727201505.png
{X=565,Y=123},C:\Users\jaeger04\Desktop\Wallpapers\SnakeBibliotek\20230727201506.png
{X=565,Y=123},C:\Users\jaeger04\Desktop\Wallpapers\SnakeBibliotek\20230727201507.png
{X=335,Y=251},C:\Users\jaeger04\Desktop\Wallpapers\SnakeBibliotek\20230727201508.png
{X=335,Y=251},C:\Users\jaeger04\Desktop\Wallpapers\SnakeBibliotek\20230727201509.png
{X=335,Y=251},C:\Users\jaeger04\Desktop\Wallpapers\SnakeBibliotek\20230727201510.png
{X=540,Y=328},C:\Users\jaeger04\Desktop\Wallpapers\SnakeBibliotek\20230727201511.png
{X=361,Y=456},C:\Users\jaeger04\Desktop\Wallpapers\SnakeBibliotek\20230727201512.png
{X=361,Y=456},C:\Users\jaeger04\Desktop\Wallpapers\SnakeBibliotek\20230727201513.png
{X=386,Y=354},C:\Users\jaeger04\Desktop\Wallpapers\SnakeBibliotek\20230727201514.png
{X=386,Y=354},C:\Users\jaeger04\Desktop\Wallpapers\SnakeBibliotek\20230727201515.png
{X=207,Y=533},C:\Users\jaeger04\Desktop\Wallpapers\SnakeBibliotek\20230727201516.png
{X=412,Y=533},C:\Users\jaeger04\Desktop\Wallpapers\SnakeBibliotek\20230727201517.png
{X=412,Y=533},C:\Users\jaeger04\Desktop\Wallpapers\SnakeBibliotek\20230727201518.png
{X=437,Y=482},C:\Users\jaeger04\Desktop\Wallpapers\SnakeBibliotek\20230727201519.png
{X=437,Y=482},C:\Users\jaeger04\Desktop\Wallpapers\SnakeBibliotek\20230727201520.png
{X=207,Y=482},C:\Users\jaeger04\Desktop\Wallpapers\SnakeBibliotek\20230727201521.png
{X=207,Y=482},C:\Users\jaeger04\Desktop\Wallpapers\SnakeBibliotek\20230727201522.png
{X=207,Y=482},C:\Users\jaeger04\Desktop\Wallpapers\SnakeBibliotek\20230727201523.png
{X=207,Y=482},C:\Users\jaeger04\Desktop\Wallpapers\SnakeBibliotek\20230727201524.png
